date,repo,side,downloads
2026-09-27,OmniJev/OneJev-0.8B,ours,0
2026-09-27,OmniJev/OneJev-27B,ours,0
2026-09-27,OmniJev/OneJev-27B-FP8,ours,0
2026-09-27,OmniJev/OneJev-4B,ours,0
2026-09-27,OmniJev/OneJev-9B,ours,0
2026-09-28,OmniJev/OneJev-0.8B,ours,23
2026-09-28,OmniJev/OneJev-27B,ours,17
2026-09-28,OmniJev/OneJev-27B-FP8,ours,9
2026-09-28,OmniJev/OneJev-4B,ours,22
2026-09-28,OmniJev/OneJev-9B,ours,68
2026-09-28,mradermacher/OneJev-0.8B-GGUF,community,356
2026-09-28,mradermacher/OneJev-27B-GGUF,community,1
2026-09-28,mradermacher/OneJev-4B-GGUF,community,496
2026-09-28,mradermacher/OneJev-9B-GGUF,community,382
2026-09-28,nightmedia/Qwen3.5-9B-B2-Fable-Agent-OneJev-Holodeck-Lounge-q8-hi-mlx,community,0
2026-09-28,prithivMLmods/OneJev-4B-GGUF,community,0
2026-09-28,prithivMLmods/OneJev-9B-GGUF,community,0
2026-09-29,OmniJev/OneJev-0.8B,ours,360
2026-09-29,OmniJev/OneJev-27B,ours,32
2026-09-29,OmniJev/OneJev-27B-FP8,ours,30
2026-09-29,OmniJev/OneJev-4B,ours,354
2026-09-29,OmniJev/OneJev-9B,ours,93
2026-09-29,mradermacher/OneJev-0.8B-GGUF,community,755
2026-09-29,mradermacher/OneJev-27B-GGUF,community,742
2026-09-29,mradermacher/OneJev-4B-GGUF,community,903
2026-09-29,mradermacher/OneJev-9B-GGUF,community,777
2026-09-29,nightmedia/Qwen3.5-9B-B2-Fable-Agent-OneJev-Holodeck-Lounge-q8-hi-mlx,community,19
2026-09-29,nightmedia/Qwen3.5-9B-Seven-q8-hi-mlx,community,72
2026-09-29,prithivMLmods/OneJev-4B-GGUF,community,493
2026-09-29,prithivMLmods/OneJev-9B-GGUF,community,643
2026-09-30,OmniJev/OneJev-0.8B,ours,746
2026-09-30,OmniJev/OneJev-27B,ours,90
2026-09-30,OmniJev/OneJev-27B-FP8,ours,61
2026-09-30,OmniJev/OneJev-4B,ours,767
2026-09-30,OmniJev/OneJev-9B,ours,136
2026-09-30,bartowski/OmniJev_OneJev-0.8B-GGUF,community,0
2026-09-30,bartowski/OmniJev_OneJev-27B-GGUF,community,2383
2026-09-30,bartowski/OmniJev_OneJev-4B-GGUF,community,0
2026-09-30,bartowski/OmniJev_OneJev-9B-GGUF,community,0
2026-09-30,mradermacher/OneJev-0.8B-GGUF,community,901
2026-09-30,mradermacher/OneJev-27B-GGUF,community,996
2026-09-30,mradermacher/OneJev-4B-GGUF,community,967
2026-09-30,mradermacher/OneJev-9B-GGUF,community,810
2026-09-30,nightmedia/Qwen3.5-9B-B2-Fable-Agent-OneJev-Holodeck-Lounge-q8-hi-mlx,community,36
2026-09-30,nightmedia/Qwen3.5-9B-Seven-q8-hi-mlx,community,131
2026-09-30,prithivMLmods/OneJev-4B-GGUF,community,682
2026-09-30,prithivMLmods/OneJev-9B-GGUF,community,824
2026-10-01,OmniJev/OneJev-0.8B,ours,978
2026-10-01,OmniJev/OneJev-27B,ours,152
2026-10-01,OmniJev/OneJev-27B-FP8,ours,73
2026-10-01,OmniJev/OneJev-4B,ours,981
2026-10-01,OmniJev/OneJev-9B,ours,168
2026-10-01,bartowski/OmniJev_OneJev-0.8B-GGUF,community,2681
2026-10-01,bartowski/OmniJev_OneJev-27B-GGUF,community,4323
2026-10-01,bartowski/OmniJev_OneJev-4B-GGUF,community,2698
2026-10-01,bartowski/OmniJev_OneJev-9B-GGUF,community,2795
2026-10-01,mradermacher/OneJev-0.8B-GGUF,community,942
2026-10-01,mradermacher/OneJev-27B-GGUF,community,1043
2026-10-01,mradermacher/OneJev-4B-GGUF,community,1176
2026-10-01,mradermacher/OneJev-9B-GGUF,community,843
2026-10-01,nightmedia/Qwen3.5-9B-B2-Fable-Agent-OneJev-Holodeck-Lounge-q8-hi-mlx,community,44
2026-10-01,nightmedia/Qwen3.5-9B-Seven-q8-hi-mlx,community,153
2026-10-01,onnx-community/OneJev-0.8B-ONNX,community,19
2026-10-01,prithivMLmods/OneJev-4B-GGUF,community,706
2026-10-01,prithivMLmods/OneJev-9B-GGUF,community,841
2026-10-02,OmniJev/OneJev-0.8B,ours,1101
2026-10-02,OmniJev/OneJev-27B,ours,181
2026-10-02,OmniJev/OneJev-27B-FP8,ours,79
2026-10-02,OmniJev/OneJev-4B,ours,1125
2026-10-02,OmniJev/OneJev-9B,ours,200
2026-10-02,bartowski/OmniJev_OneJev-0.8B-GGUF,community,3179
2026-10-02,bartowski/OmniJev_OneJev-27B-GGUF,community,4447
2026-10-02,bartowski/OmniJev_OneJev-4B-GGUF,community,3271
2026-10-02,bartowski/OmniJev_OneJev-9B-GGUF,community,3333
2026-10-02,mradermacher/OneJev-0.8B-GGUF,community,1058
2026-10-02,mradermacher/OneJev-27B-GGUF,community,1066
2026-10-02,mradermacher/OneJev-4B-GGUF,community,1400
2026-10-02,mradermacher/OneJev-9B-GGUF,community,871
2026-10-02,nightmedia/Qwen3.5-9B-B2-Fable-Agent-OneJev-Holodeck-Lounge-q8-hi-mlx,community,62
2026-10-02,nightmedia/Qwen3.5-9B-Seven-q8-hi-mlx,community,183
2026-10-02,onnx-community/OneJev-0.8B-ONNX,community,46
2026-10-02,prithivMLmods/OneJev-4B-GGUF,community,727
2026-10-02,prithivMLmods/OneJev-9B-GGUF,community,860
2026-10-03,OmniJev/OneJev-0.8B,ours,1158
2026-10-03,OmniJev/OneJev-27B,ours,211
2026-10-03,OmniJev/OneJev-27B-FP8,ours,89
2026-10-03,OmniJev/OneJev-4B,ours,1208
2026-10-03,OmniJev/OneJev-9B,ours,242
2026-10-03,bartowski/OmniJev_OneJev-0.8B-GGUF,community,3212
2026-10-03,bartowski/OmniJev_OneJev-27B-GGUF,community,5739
2026-10-03,bartowski/OmniJev_OneJev-4B-GGUF,community,3300
2026-10-03,bartowski/OmniJev_OneJev-9B-GGUF,community,3378
2026-10-03,mradermacher/OneJev-0.8B-GGUF,community,1125
2026-10-03,mradermacher/OneJev-27B-GGUF,community,1373
2026-10-03,mradermacher/OneJev-4B-GGUF,community,1476
2026-10-03,mradermacher/OneJev-9B-GGUF,community,893
2026-10-03,nightmedia/Qwen3.5-9B-B2-Fable-Agent-OneJev-Holodeck-Lounge-q8-hi-mlx,community,81
2026-10-03,nightmedia/Qwen3.5-9B-Seven-q8-hi-mlx,community,195
2026-10-03,onnx-community/OneJev-0.8B-ONNX,community,52
2026-10-03,prithivMLmods/OneJev-4B-GGUF,community,746
2026-10-03,prithivMLmods/OneJev-9B-GGUF,community,885
2026-10-04,OmniJev/OneJev-0.8B,ours,1207
2026-10-04,OmniJev/OneJev-27B,ours,238
2026-10-04,OmniJev/OneJev-27B-FP8,ours,90
2026-10-04,OmniJev/OneJev-4B,ours,1246
2026-10-04,OmniJev/OneJev-9B,ours,272
2026-10-04,bartowski/OmniJev_OneJev-0.8B-GGUF,community,3252
2026-10-04,bartowski/OmniJev_OneJev-27B-GGUF,community,8390
2026-10-04,bartowski/OmniJev_OneJev-4B-GGUF,community,3332
2026-10-04,bartowski/OmniJev_OneJev-9B-GGUF,community,3479
2026-10-04,mradermacher/OneJev-0.8B-GGUF,community,1156
2026-10-04,mradermacher/OneJev-27B-GGUF,community,1379
2026-10-04,mradermacher/OneJev-4B-GGUF,community,1907
2026-10-04,mradermacher/OneJev-9B-GGUF,community,896
2026-10-04,nightmedia/Qwen3.5-9B-B2-Fable-Agent-OneJev-Holodeck-Lounge-q8-hi-mlx,community,97
2026-10-04,nightmedia/Qwen3.5-9B-Seven-q8-hi-mlx,community,209
2026-10-04,onnx-community/OneJev-0.8B-ONNX,community,56
2026-10-04,prithivMLmods/OneJev-4B-GGUF,community,840
2026-10-04,prithivMLmods/OneJev-9B-GGUF,community,895
2026-10-05,OmniJev/OneJev-0.8B,ours,1268
2026-10-05,OmniJev/OneJev-27B,ours,255
2026-10-05,OmniJev/OneJev-27B-FP8,ours,94
2026-10-05,OmniJev/OneJev-4B,ours,1315
2026-10-05,OmniJev/OneJev-9B,ours,305
2026-10-05,bartowski/OmniJev_OneJev-0.8B-GGUF,community,3311
2026-10-05,bartowski/OmniJev_OneJev-27B-GGUF,community,8444
2026-10-05,bartowski/OmniJev_OneJev-4B-GGUF,community,3394
2026-10-05,bartowski/OmniJev_OneJev-9B-GGUF,community,3570
2026-10-05,mradermacher/OneJev-0.8B-GGUF,community,1176
2026-10-05,mradermacher/OneJev-27B-GGUF,community,1476
2026-10-05,mradermacher/OneJev-4B-GGUF,community,2759
2026-10-05,mradermacher/OneJev-9B-GGUF,community,986
2026-10-05,nightmedia/Qwen3.5-9B-B2-Fable-Agent-OneJev-Holodeck-Lounge-q8-hi-mlx,community,115
2026-10-05,nightmedia/Qwen3.5-9B-Seven-q8-hi-mlx,community,222
2026-10-05,onnx-community/OneJev-0.8B-ONNX,community,62
2026-10-05,prithivMLmods/OneJev-4B-GGUF,community,860
2026-10-05,prithivMLmods/OneJev-9B-GGUF,community,951
2026-10-06,OmniJev/OneJev-0.8B,ours,1362
2026-10-06,OmniJev/OneJev-27B,ours,299
2026-10-06,OmniJev/OneJev-27B-FP8,ours,117
2026-10-06,OmniJev/OneJev-4B,ours,1407
2026-10-06,OmniJev/OneJev-9B,ours,411
2026-10-06,bartowski/OmniJev_OneJev-0.8B-GGUF,community,3398
2026-10-06,bartowski/OmniJev_OneJev-27B-GGUF,community,8688
2026-10-06,bartowski/OmniJev_OneJev-4B-GGUF,community,3518
2026-10-06,bartowski/OmniJev_OneJev-9B-GGUF,community,8162
2026-10-06,mradermacher/OneJev-0.8B-GGUF,community,1211
2026-10-06,mradermacher/OneJev-27B-GGUF,community,2024
2026-10-06,mradermacher/OneJev-4B-GGUF,community,2907
2026-10-06,mradermacher/OneJev-9B-GGUF,community,1213
2026-10-06,nightmedia/Qwen3.5-9B-B2-Fable-Agent-OneJev-Holodeck-Lounge-q8-hi-mlx,community,150
2026-10-06,nightmedia/Qwen3.5-9B-Flow-dwq4-mlx,community,234
2026-10-06,nightmedia/Qwen3.5-9B-Seven-q8-hi-mlx,community,261
2026-10-06,onnx-community/OneJev-0.8B-ONNX,community,70
2026-10-06,prithivMLmods/OneJev-4B-GGUF,community,874
2026-10-06,prithivMLmods/OneJev-9B-GGUF,community,991
2026-10-07,OmniJev/OneJev-0.8B,ours,1424
2026-10-07,OmniJev/OneJev-27B,ours,344
2026-10-07,OmniJev/OneJev-27B-FP8,ours,131
2026-10-07,OmniJev/OneJev-4B,ours,1482
2026-10-07,OmniJev/OneJev-9B,ours,444
2026-10-07,bartowski/OmniJev_OneJev-0.8B-GGUF,community,3457
2026-10-07,bartowski/OmniJev_OneJev-27B-GGUF,community,8843
2026-10-07,bartowski/OmniJev_OneJev-4B-GGUF,community,3582
2026-10-07,bartowski/OmniJev_OneJev-9B-GGUF,community,8304
2026-10-07,mradermacher/OneJev-0.8B-GGUF,community,1402
2026-10-07,mradermacher/OneJev-27B-GGUF,community,2054
2026-10-07,mradermacher/OneJev-4B-GGUF,community,3405
2026-10-07,mradermacher/OneJev-9B-GGUF,community,1306
2026-10-07,nightmedia/Qwen3.5-9B-B2-Fable-Agent-OneJev-Holodeck-Lounge-q8-hi-mlx,community,176
2026-10-07,nightmedia/Qwen3.5-9B-Flow-dwq4-mlx,community,255
2026-10-07,nightmedia/Qwen3.5-9B-Seven-q8-hi-mlx,community,272
2026-10-07,onnx-community/OneJev-0.8B-ONNX,community,74
2026-10-07,prithivMLmods/OneJev-4B-GGUF,community,904
2026-10-07,prithivMLmods/OneJev-9B-GGUF,community,997
2026-10-08,OmniJev/OneJev-0.8B,ours,1507
2026-10-08,OmniJev/OneJev-27B,ours,364
2026-10-08,OmniJev/OneJev-27B-FP8,ours,138
2026-10-08,OmniJev/OneJev-4B,ours,1554
2026-10-08,OmniJev/OneJev-9B,ours,477
2026-10-08,bartowski/OmniJev_OneJev-0.8B-GGUF,community,3891
2026-10-08,bartowski/OmniJev_OneJev-27B-GGUF,community,8978
2026-10-08,bartowski/OmniJev_OneJev-4B-GGUF,community,8458
2026-10-08,bartowski/OmniJev_OneJev-9B-GGUF,community,9552
2026-10-08,mradermacher/OneJev-0.8B-GGUF,community,1451
2026-10-08,mradermacher/OneJev-27B-GGUF,community,2337
2026-10-08,mradermacher/OneJev-4B-GGUF,community,4015
2026-10-08,mradermacher/OneJev-9B-GGUF,community,2389
2026-10-08,nightmedia/Qwen3.5-9B-B2-Fable-Agent-OneJev-Holodeck-Lounge-q8-hi-mlx,community,208
2026-10-08,nightmedia/Qwen3.5-9B-Flow-dwq4-mlx,community,260
2026-10-08,nightmedia/Qwen3.5-9B-Seven-q8-hi-mlx,community,296
2026-10-08,onnx-community/OneJev-0.8B-ONNX,community,77
2026-10-08,prithivMLmods/OneJev-4B-GGUF,community,921
2026-10-08,prithivMLmods/OneJev-9B-GGUF,community,1001
2026-10-09,OmniJev/OneJev-0.8B,ours,1507
2026-10-09,OmniJev/OneJev-27B,ours,364
2026-10-09,OmniJev/OneJev-27B-FP8,ours,138
2026-10-09,OmniJev/OneJev-4B,ours,1554
2026-10-09,OmniJev/OneJev-9B,ours,477
2026-10-09,bartowski/OmniJev_OneJev-0.8B-GGUF,community,3891
2026-10-09,bartowski/OmniJev_OneJev-27B-GGUF,community,8978
2026-10-09,bartowski/OmniJev_OneJev-4B-GGUF,community,8458
2026-10-09,bartowski/OmniJev_OneJev-9B-GGUF,community,9552
2026-10-09,mradermacher/OneJev-0.8B-GGUF,community,1451
2026-10-09,mradermacher/OneJev-27B-GGUF,community,2337
2026-10-09,mradermacher/OneJev-4B-GGUF,community,4015
2026-10-09,mradermacher/OneJev-9B-GGUF,community,2389
2026-10-09,nightmedia/Qwen3.5-9B-B2-Fable-Agent-OneJev-Holodeck-Lounge-q8-hi-mlx,community,208
2026-10-09,nightmedia/Qwen3.5-9B-BRO-q8-hi-mlx,community,0
2026-10-09,nightmedia/Qwen3.5-9B-Flow-dwq4-mlx,community,260
2026-10-09,nightmedia/Qwen3.5-9B-Seven-q8-hi-mlx,community,296
2026-10-09,onnx-community/OneJev-0.8B-ONNX,community,77
2026-10-09,prithivMLmods/OneJev-4B-GGUF,community,921
2026-10-09,prithivMLmods/OneJev-9B-GGUF,community,1001
2026-10-10,OmniJev/OneJev-0.8B,ours,1607
2026-10-10,OmniJev/OneJev-27B,ours,426
2026-10-10,OmniJev/OneJev-27B-FP8,ours,142
2026-10-10,OmniJev/OneJev-4B,ours,1682
2026-10-10,OmniJev/OneJev-9B,ours,546
2026-10-10,bartowski/OmniJev_OneJev-0.8B-GGUF,community,4189
2026-10-10,bartowski/OmniJev_OneJev-27B-GGUF,community,9466
2026-10-10,bartowski/OmniJev_OneJev-4B-GGUF,community,8906
2026-10-10,bartowski/OmniJev_OneJev-9B-GGUF,community,9793
2026-10-10,mradermacher/OneJev-0.8B-GGUF,community,1790
2026-10-10,mradermacher/OneJev-27B-GGUF,community,2505
2026-10-10,mradermacher/OneJev-4B-GGUF,community,6803
2026-10-10,mradermacher/OneJev-9B-GGUF,community,2482
2026-10-10,nightmedia/Qwen3.5-9B-B2-Fable-Agent-OneJev-Holodeck-Lounge-q8-hi-mlx,community,230
2026-10-10,nightmedia/Qwen3.5-9B-BRO-q8-hi-mlx,community,39
2026-10-10,nightmedia/Qwen3.5-9B-Flow-dwq4-mlx,community,273
2026-10-10,nightmedia/Qwen3.5-9B-Seven-q8-hi-mlx,community,331
2026-10-10,onnx-community/OneJev-0.8B-ONNX,community,101
2026-10-10,prithivMLmods/OneJev-4B-GGUF,community,975
2026-10-10,prithivMLmods/OneJev-9B-GGUF,community,1055
